"","sponsor_party","count","percent"
"1","Democrat",9101,71.2853450301559
"2","Republican",2831,22.1743557609462
"3","Other",835,6.54029920889794
